Название,Рейтинг,Комент,
Азимут стор,1,Топовый,
Железа.НЕТ,1,Топовый,
Комус,1,Топовый,
Плеер.ру,1,Топовый,
СОТОХИТ.РФ,1,Топовый,
Store77,1,Топовый,
ТАКСАФОН,1,Топовый,
ТочкаПк,1,Топовый,
Трубковед,1,Топовый,
Ультрагеймер,1,Топовый,
Compday,1,Топовый,
Sotino.ru,1,Топовый,
ЦИФРУС,1,Топовый,
Video shoper,1,Топовый,
WISHMASTER,1,Топовый,
Бытовая-Техника.МСК,1,Топовый,
XPERT.ru,1,Топовый,
ЭЛЕКТРОЗОН,1,Топовый,
Baxtel,1,Топовый,
ElectroGor,1,Топовый,
Flash Computers,1,Топовый,
playback,1,Топовый,
GSM22.RU,1,Топовый,
igroray.ru,1,Топовый,
Kremlinstore,1,Топовый,
MARKETCLASS.RU,1,Топовый,
MitinoPleerSavensale.ru,1,Топовый,
NewMart,1,Топовый,
Onrad Mitino,1,Топовый,
PC4YOU.RU,1,Топовый,
ROBOT4HOME,1,Топовый,
Savensale.ru,1,Топовый,
Tacsafon.ru,1,Топовый,
UNIHOF,1,Топовый,
Gbstore.ru,1,Топовый,
28Bit,1,adsad,
soundbreeze.pro,1,sadas,
Торг-ПК,1,sadas,
F5store,1,sadasd,
БОЛТУН.РУ,1,Топовый
PC4GAMES.RU,1,Топовый
overcool,1,Топовый